id,customer_name,street_number,street_name,city,state,zip
1,Twitterbridge,3945,Canary,Wichita,KS,67220
2,Kazu,25350,Clemons,Houston,TX,77065
3,Vimbo,4821,Ridgeway,Sacramento,CA,94297
4,Cogilith,29,7th,Houston,TX,77288
5,Kimia,0848,Thierer,San Francisco,CA,94110
6,Photobug,822,Basil,Kansas City,MO,64199
7,Shuffletag,7071,Myrtle,Toledo,OH,43656
8,Roodel,1947,High Crossing,Bonita Springs,FL,34135
9,Yodoo,836,Luster,Las Vegas,NV,89193
10,Gabtune,339,Ludington,San Francisco,CA,94164
11,Wordtune,82,Manitowish,Salt Lake City,UT,84145
12,Zoomzone,259,6th,Tacoma,WA,98417
13,Kwideo,8,Express,Baton Rouge,LA,70836
14,Voomm,68912,Gale,Springfield,IL,62711
15,Meevee,3,Anzinger,Erie,PA,16565
16,Thoughtsphere,485,Morning,Raleigh,NC,27658
17,Eabox,3,West,San Francisco,CA,94142
18,Wordtune,88,Pearson,Salt Lake City,UT,84152
19,Kamba,03,6th,Saint Paul,MN,55123
20,Viva,110,Briar Crest,Washington,DC,20420
21,Yombu,7,Grasskamp,Arlington,VA,22234
22,Blogtags,01549,Pankratz,Morgantown,WV,26505
23,Riffwire,4934,North,Hartford,CT,06140
24,Wordpedia,94974,Quincy,Sacramento,CA,94207
25,Dynabox,03,Eastlawn,Omaha,NE,68110
26,Topiczoom,61,Bobwhite,Mobile,AL,36622
27,Mydeo,67,Arizona,Long Beach,CA,90810
28,Jaloo,37,Waxwing,Norwalk,CT,06859
29,Blogtags,52119,Hallows,San Francisco,CA,94126
30,Voonder,9,Eastwood,Pensacola,FL,32575
31,Livetube,6175,Mockingbird,Kansas City,KS,66105
32,Fadeo,78224,Prairie Rose,Concord,CA,94522
33,Fivechat,3696,Packers,Des Moines,IA,50393
34,DabZ,74174,Anthes,Chicago,IL,60663
35,Eidel,4042,Oakridge,Springfield,MO,65898
36,Eamia,99,Sunnyside,Provo,UT,84605
37,Quaxo,553,Stuart,Roanoke,VA,24029
38,Innotype,6,Pierstorff,Seattle,WA,98104
39,Gigaclub,43,Reindahl,Charleston,WV,25313
40,Skalith,5,Oriole,Wichita,KS,67210
41,Shufflester,75908,Holy Cross,Chicago,IL,60604
42,Muxo,88992,Esch,Boston,MA,02119
43,Thoughtbridge,441,Hoepker,Washington,DC,20310
44,Aibox,71,Oriole,Fort Lauderdale,FL,33320
45,Topiclounge,7,Moose,Shreveport,LA,71166
46,Edgeify,927,Washington,Denver,CO,80209
47,Leenti,50,Parkside,Harrisburg,PA,17110
48,Devshare,51984,Holy Cross,New York City,NY,10079
49,Gabcube,68,Anthes,El Paso,TX,88558
50,Tagopia,0,Marquette,Phoenix,AZ,85083
51,Wordware,5,Vidon,Raleigh,NC,27626
52,Eazzy,11593,Granby,Columbus,OH,43210
53,Oyoyo,14644,Russell,Paterson,NJ,07544
54,Quire,7664,Waubesa,Rochester,NY,14614
55,Voolia,36,Westend,Albany,NY,12232
56,Topiclounge,60,Shoshone,Kansas City,MO,64144
57,Jatri,78911,Fallview,North Little Rock,AR,72199
58,Skipstorm,8,Eastwood,Arlington,VA,22212
59,Blognation,09878,Fairfield,Houston,TX,77050
60,Leexo,5,Sunfield,Houston,TX,77065
61,Dynazzy,92,Pepper Wood,Jackson,MS,39296
62,Voomm,0,Leroy,Orlando,FL,32830
63,Kwilith,30522,Golden Leaf,Houston,TX,77245
64,Janyx,28883,Glendale,Lake Worth,FL,33462
65,Pixope,7971,Carioca,Pasadena,CA,91117
66,Youbridge,4683,Northland,Amarillo,TX,79116
67,Tavu,8594,Northfield,Charlotte,NC,28215
68,Gabvine,4,Cordelia,Salt Lake City,UT,84105
69,Devshare,8425,Colorado,Sacramento,CA,94286
70,Thoughtmix,7632,Myrtle,Kansas City,MO,64142
71,Livefish,4,Swallow,Reno,NV,89510
72,Mydo,90365,Evergreen,Portland,OR,97271
73,Brainlounge,91561,Ohio,Clearwater,FL,33763
74,Zooveo,4584,Judy,Washington,DC,20540
75,Voonix,50,Cherokee,Raleigh,NC,27690
76,Browseblab,0,Arizona,Springfield,IL,62776
77,Blogtags,890,Troy,Lansing,MI,48901
78,Thoughtmix,471,Southridge,Tacoma,WA,98411
79,Realblab,2,Sunbrook,Brooklyn,NY,11241
80,Gabspot,9,Glacier Hill,El Paso,TX,79940
81,Jabberbean,04,Homewood,Orlando,FL,32891
82,Browsecat,9679,Hoard,Hollywood,FL,33028
83,Twitterbridge,22,Duke,Los Angeles,CA,90189
84,Shufflester,996,Kenwood,Dayton,OH,45408
85,Quamba,00,Schurz,Aurora,CO,80045
86,Thoughtbridge,07,Trailsway,Macon,GA,31296
87,Linklinks,48,Eastwood,Birmingham,AL,35242
88,Oodoo,7,John Wall,Waterbury,CT,06721
89,Edgetag,94720,Esch,Daytona Beach,FL,32123
90,Topicblab,13270,Morning,Shreveport,LA,71137
91,Thoughtstorm,67190,West,Bloomington,IN,47405
92,Brainlounge,546,Linden,Bakersfield,CA,93311
93,Livetube,23,Golden Leaf,Birmingham,AL,35236
94,Twitterbridge,171,Kropf,Grand Forks,ND,58207
95,Gabvine,2107,Raven,Milwaukee,WI,53234
96,Oyondu,00,Macpherson,Bridgeport,CT,06606
97,Tagchat,5873,Dwight,El Paso,TX,88530
98,Twitterbridge,66,Red Cloud,Minneapolis,MN,55417
99,Katz,89314,Myrtle,Indianapolis,IN,46226
100,Mycat,78,Michigan,Colorado Springs,CO,80905
101,Linklinks,33,David,Reno,NV,89550
102,Linkbuzz,148,Orin,Huntington,WV,25775
103,Youbridge,1,Stang,North Las Vegas,NV,89087
104,Ntag,263,Pleasure,Jamaica,NY,11499
105,Yadel,90,Mcguire,Memphis,TN,38131
106,Tagchat,18543,Farwell,Des Moines,IA,50310
107,Yotz,39,Kipling,Fort Worth,TX,76192
108,Eamia,49,Emmet,Irvine,CA,92710
109,Oyondu,270,Lake View,Trenton,NJ,08603
110,Voolia,14126,Jana,New York City,NY,10249
111,Edgewire,5675,Harper,Brooklyn,NY,11225
112,Snaptags,442,Manufacturers,Dallas,TX,75397
113,Zoomcast,86,Dixon,Tucson,AZ,85710
114,Innotype,86515,Dakota,New York City,NY,10131
115,Lazz,33,Rigney,Atlanta,GA,30358
116,Yakijo,3,Kings,Knoxville,TN,37924
117,Jatri,587,Blaine,Fresno,CA,93794
118,Wordtune,91086,Nancy,Johnstown,PA,15906
119,Skippad,14857,Arkansas,Mountain View,CA,94042
120,Linkbuzz,6,Cody,Anderson,SC,29625
121,Rooxo,36241,Dapin,Chandler,AZ,85246
122,Cogidoo,757,Corscot,Indianapolis,IN,46216
123,Oyoyo,484,Dawn,Tampa,FL,33633
124,Bubblemix,93,Anderson,Salt Lake City,UT,84110
125,Kamba,2136,Blackbird,Denver,CO,80241
126,Oozz,021,Sunfield,Denver,CO,80299
127,Topdrive,3,Montana,Springfield,MO,65810
128,Buzzster,9,Pine View,Spartanburg,SC,29305
129,Skinte,73,Lindbergh,Bloomington,IL,61709
130,Minyx,24362,7th,Mobile,AL,36689
131,Kare,84,2nd,Santa Barbara,CA,93106
132,Skiba,0,Upham,Augusta,GA,30905
133,JumpXS,5,Reinke,Houston,TX,77030
134,Blogspan,0,Barnett,Aurora,CO,80015
135,Browsezoom,80578,Raven,Philadelphia,PA,19172
136,Jayo,26,Fuller,Milwaukee,WI,53215
137,Mycat,2,Starling,Washington,DC,20392
138,Kayveo,53,Garrison,Columbia,SC,29240
139,Kare,99395,Crowley,Merrifield,VA,22119
140,Livepath,692,Upham,Columbus,OH,43215
141,Linkbridge,25501,Muir,Orlando,FL,32868
142,Dabvine,91,Kingsford,Roanoke,VA,24024
143,Dabjam,142,Debs,Fairfield,CT,06825
144,Youspan,986,Muir,Oceanside,CA,92056
145,Zoomcast,6277,Cordelia,Van Nuys,CA,91406
146,Fivebridge,31,Sutteridge,Naples,FL,33961
147,Voonix,79676,Swallow,Montgomery,AL,36134
148,Yodoo,40689,Derek,San Francisco,CA,94121
149,Realcube,97463,Golden Leaf,Minneapolis,MN,55407
150,Linkbridge,3,Dunning,Cincinnati,OH,45243
151,Oyonder,490,Nobel,Lincoln,NE,68505
152,Voolith,2187,Dovetail,El Paso,TX,79989
153,LiveZ,05,Northview,Tulsa,OK,74170
154,Oodoo,9,Parkside,Houston,TX,77060
155,Eayo,502,Susan,Jacksonville,FL,32236
156,Dynava,146,Eastwood,Evansville,IN,47737
157,Feednation,021,Kedzie,Fullerton,CA,92640
158,Avamba,42146,Oneill,Memphis,TN,38181
159,Kwilith,56649,Logan,Lansing,MI,48901
160,Aivee,81,Shelley,Alexandria,VA,22301
161,Janyx,45946,Ryan,Baton Rouge,LA,70805
162,Mydo,9889,Oak,San Diego,CA,92121
163,Edgeify,1980,Brickson Park,Atlanta,GA,30316
164,Fivespan,0492,Anniversary,Virginia Beach,VA,23454
165,Browsebug,52,Golden Leaf,Boise,ID,83732
166,Brainverse,22885,Merrick,Dallas,TX,75246
167,Latz,08,Havey,Tampa,FL,33620
168,Photobug,269,Arizona,Jamaica,NY,11470
169,Trilia,408,Westerfield,Kansas City,MO,64149
170,Realcube,93,Fuller,Atlanta,GA,30380
171,Linktype,77,Gina,Berkeley,CA,94712
172,Agivu,8,Ridgeview,Greenville,SC,29615
173,Jabberstorm,192,Washington,Los Angeles,CA,90045
174,Npath,93,Toban,Grand Rapids,MI,49560
175,Gigabox,8,Comanche,Brooklyn,NY,11231
176,Oyondu,3685,Redwing,Washington,DC,20404
177,Wikivu,7,Mifflin,Philadelphia,PA,19178
178,Feedbug,23432,Erie,Jacksonville,FL,32277
179,Aimbu,6,Corben,Jackson,MS,39210
180,Feedmix,2223,Holy Cross,Reston,VA,22096
181,Photobug,1,Manitowish,Des Moines,IA,50347
182,Flashdog,26750,Blue Bill Park,Phoenix,AZ,85099
183,Devshare,16549,Shopko,Boulder,CO,80328
184,Thoughtbeat,737,Holy Cross,Washington,DC,20337
185,Topicware,1152,Graedel,Oklahoma City,OK,73147
186,Gigaclub,79287,Sugar,Alexandria,VA,22333
187,Midel,78705,Meadow Valley,Dulles,VA,20189
188,Abatz,65,Kennedy,Monticello,MN,55590
189,Flipbug,98304,Marcy,Springfield,IL,62718
190,Trunyx,5,Arrowood,New York City,NY,10275
191,Yata,2960,Crest Line,Saint Paul,MN,55103
192,Wordtune,45,Rigney,Billings,MT,59105
193,Thoughtsphere,0597,Burning Wood,Philadelphia,PA,19196
194,Brainsphere,5420,Saint Paul,Bridgeport,CT,06606
195,Omba,21,Lakeland,Oklahoma City,OK,73167
196,Dynabox,20,Oneill,Houston,TX,77266
197,Tagopia,3732,Warbler,Harrisburg,PA,17126
198,Oyoloo,1749,Oakridge,Lakeland,FL,33811
199,Aimbu,582,John Wall,Boise,ID,83711
200,Flashset,0,Lakewood,Dallas,TX,75287
201,Babbleblab,188,Southridge,Alhambra,CA,91841
202,Twitterbridge,9232,Moose,Pittsburgh,PA,15286
203,Realbuzz,44779,Brentwood,Young America,MN,55557
204,Devpoint,44931,American Ash,Indianapolis,IN,46254
205,Camimbo,5753,Schiller,Philadelphia,PA,19151
206,LiveZ,1511,Straubel,Wichita,KS,67215
207,LiveZ,253,Goodland,Houston,TX,77040
208,Twinder,47939,Forster,Evansville,IN,47719
209,Quaxo,70,Parkside,Los Angeles,CA,90035
210,Rhycero,88105,Eastlawn,Baltimore,MD,21282
211,Digitube,35224,6th,Charlotte,NC,28284
212,Kayveo,00,Summer Ridge,Denver,CO,80217
213,Tanoodle,41275,Surrey,Madison,WI,53785
214,Gabtype,90061,Comanche,Cambridge,MA,02142
215,Talane,452,Brickson Park,Pittsburgh,PA,15210
216,Fiveclub,5782,Artisan,Salt Lake City,UT,84145
217,Abatz,7,Coleman,Salt Lake City,UT,84199
218,Oba,32282,Fieldstone,Gaithersburg,MD,20883
219,Skippad,80,Westridge,Charleston,WV,25305
220,Tagtune,3649,Gulseth,Brooklyn,NY,11241
221,Thoughtmix,487,Westport,Phoenix,AZ,85030
222,Zoomzone,6530,Marcy,Spring,TX,77388
223,Twimm,430,Drewry,Saginaw,MI,48609
224,Blogtags,1,Towne,Seattle,WA,98140
225,Mymm,05286,Cody,Tulsa,OK,74126
226,Zooveo,25406,Packers,Naples,FL,33961
227,Yozio,05208,Brentwood,Pompano Beach,FL,33075
228,Katz,80780,Ridge Oak,Tucson,AZ,85715
229,Fanoodle,8,Monument,Buffalo,NY,14225
230,Trilith,70348,Manley,Hattiesburg,MS,39404
231,Rhybox,659,Hallows,Topeka,KS,66667
232,Eabox,42,Rockefeller,Charlottesville,VA,22903
233,Roodel,8,Menomonie,Houston,TX,77045
234,Quamba,450,Service,Washington,DC,20088
235,Voolith,5921,Memorial,Reston,VA,20195
236,Zoozzy,1,Fremont,Indianapolis,IN,46239
237,Flashspan,0543,American,El Paso,TX,79923
238,Buzzdog,1342,Debs,Racine,WI,53405
239,Tavu,4,Raven,Cumming,GA,30130
240,Kare,1988,Briar Crest,Johnstown,PA,15906
241,Skynoodle,39138,Namekagon,Washington,DC,20566
242,Jamia,86984,Hollow Ridge,Cedar Rapids,IA,52405
243,Divape,27798,Village,Brooklyn,NY,11236
244,Camido,80,Banding,Chicago,IL,60652
245,Zoombeat,80995,Lawn,Aurora,CO,80044
246,Yamia,01,Sachs,Washington,DC,20430
247,Rhyloo,17,Russell,Bloomington,IL,61709
248,Zoonoodle,702,Lakewood Gardens,Trenton,NJ,08638
249,Edgeify,2,Armistice,Torrance,CA,90510
250,Camimbo,31988,Prairieview,Saint Louis,MO,63104
251,Blogspan,3904,Moose,Los Angeles,CA,90065
252,Flashset,3,Elka,Houston,TX,77015
253,Twimbo,54036,Northland,Fort Lauderdale,FL,33330
254,Zoomdog,69,Sheridan,Albuquerque,NM,87140
255,Feedfish,28,Schlimgen,Washington,DC,20073
256,Mymm,505,Grover,Austin,TX,78778
257,Muxo,5,Valley Edge,Young America,MN,55564
258,Tagopia,122,Del Sol,Sacramento,CA,94280
259,Skidoo,865,Columbus,Saint Louis,MO,63116
260,Feedbug,78011,Badeau,Toledo,OH,43635
261,Agimba,41,2nd,Columbus,OH,43220
262,Feednation,666,Tennessee,Brooklyn,NY,11247
263,Realcube,1,Del Mar,Bakersfield,CA,93399
264,Riffpedia,408,Transport,El Paso,TX,88563
265,Ntag,226,Jenifer,Morgantown,WV,26505
266,Yata,9403,Lakeland,Washington,DC,20503
267,Topicshots,45837,Duke,Monticello,MN,55590
268,Zoombeat,3,Bluestem,Iowa City,IA,52245
269,Voolia,16729,Surrey,Hampton,VA,23668
270,Twinder,97305,Dawn,Tulsa,OK,74193
271,Trudeo,41,Artisan,Sacramento,CA,95852
272,Quinu,7250,La Follette,Austin,TX,78778
273,Jaxworks,5,Main,Charlotte,NC,28235
274,Kamba,05241,Waxwing,Shreveport,LA,71151
275,Meembee,9398,Helena,Washington,DC,20099
276,Riffpath,30780,Sutteridge,Sarasota,FL,34238
277,Skimia,5,Thierer,Omaha,NE,68144
278,Yodel,23,Starling,Amarillo,TX,79105
279,Meemm,34488,Thompson,Fort Wayne,IN,46805
280,Jabbersphere,07942,Hanover,Athens,GA,30610
281,Skiptube,16861,Marcy,Mansfield,OH,44905
282,Skippad,1763,Green,San Mateo,CA,94405
283,Ainyx,6763,Fuller,Evanston,IL,60208
284,Ntag,03373,Merrick,Atlanta,GA,30375
285,Zoomdog,968,Fairfield,Boston,MA,02114
286,Fliptune,62501,Oneill,Bismarck,ND,58505
287,Eamia,27,Claremont,Minneapolis,MN,55480
288,Skynoodle,82394,Holmberg,Nashville,TN,37235
289,Jabbersphere,1,Forest,Lawrenceville,GA,30045
290,Gevee,3,Stoughton,Colorado Springs,CO,80945
291,Avavee,0,Division,San Francisco,CA,94137
292,Layo,819,Coolidge,New York City,NY,10045
293,Demimbu,31307,Packers,Jefferson City,MO,65105
294,Zoomcast,789,Gale,Spartanburg,SC,29305
295,Twimbo,12,Del Mar,El Paso,TX,79945
296,Bluezoom,5,Thierer,Lexington,KY,40546
297,Jazzy,909,Di Loreto,Schenectady,NY,12325
298,Janyx,174,Lukken,Shreveport,LA,71130
299,Rhycero,0446,Lunder,Tucson,AZ,85720
300,Kimia,84,Algoma,Aurora,IL,60505
301,Teklist,41663,Coolidge,Chicago,IL,60652
302,Skaboo,735,Sundown,Montgomery,AL,36109
303,Edgeblab,91,Merrick,South Bend,IN,46614
304,Oyoyo,67113,Florence,Midland,TX,79705
305,Dazzlesphere,7,Sunbrook,Spokane,WA,99210
306,Blogpad,3013,Scott,Oklahoma City,OK,73190
307,LiveZ,3,Hanover,Des Moines,IA,50305
308,Kazu,35036,Sutteridge,Oakland,CA,94622
309,Shufflester,90,Dawn,Wichita Falls,TX,76305
310,Edgepulse,778,Macpherson,Fort Worth,TX,76121
311,Lazz,67362,Annamark,Las Vegas,NV,89150
312,Meetz,9,Helena,El Paso,TX,88541
313,Eamia,89,Montana,New York City,NY,10019
314,Mydo,64648,Onsgard,Tampa,FL,33680
315,Rhynoodle,4731,Oakridge,Sacramento,CA,95838
316,Divavu,1,Kings,Saint Louis,MO,63169
317,Mydeo,248,Hollow Ridge,Palm Bay,FL,32909
318,Edgeblab,5,Columbus,Springfield,MA,01114
319,Blogspan,89604,Atwood,New Orleans,LA,70154
320,Topicblab,73,Sugar,Arlington,VA,22244
321,Devshare,33807,Kings,Memphis,TN,38109
322,Flipstorm,917,Karstens,Brooklyn,NY,11236
323,Skyba,837,Bluejay,Saint Paul,MN,55123
324,Latz,0,Melvin,Brooklyn,NY,11231
325,Kwilith,302,Mayer,Dallas,TX,75210
326,Browseblab,725,Michigan,Henderson,NV,89074
327,Buzzdog,9,Miller,New Orleans,LA,70183
328,Teklist,6183,Morning,Philadelphia,PA,19109
329,Ozu,779,Bellgrove,Redwood City,CA,94064
330,Ntags,531,Trailsway,Santa Monica,CA,90410
331,Browsetype,3,Reindahl,Columbus,OH,43268
332,Aimbu,11416,Loeprich,Washington,DC,20380
333,Vinder,784,Lukken,Austin,TX,78778
334,Tavu,851,Summer Ridge,Fort Lauderdale,FL,33305
335,Blogtags,69,Raven,San Jose,CA,95173
336,Youspan,97544,Graedel,Wilmington,DE,19892
337,Youspan,38229,Hallows,Minneapolis,MN,55448
338,Janyx,026,Carioca,Austin,TX,78789
339,Kwilith,5015,Packers,Pasadena,CA,91125
340,Kayveo,8517,Shasta,Rochester,MN,55905
341,Youfeed,4405,Merrick,Peoria,AZ,85383
342,Twinte,14095,Muir,San Diego,CA,92110
343,Fivechat,1111,Forest,Helena,MT,59623
344,Aibox,1201,Thierer,Portland,OR,97286
345,Quatz,7351,Ridgeview,Toledo,OH,43656
346,Rhybox,217,Schiller,Greenville,SC,29610
347,Katz,5925,Harper,Honolulu,HI,96850
348,Devify,49,Hollow Ridge,Brooklyn,NY,11247
349,Aimbu,4,Hansons,Naperville,IL,60567
350,Chatterbridge,40312,Bartelt,Tampa,FL,33625
351,Jetwire,2894,Eagle Crest,Ventura,CA,93005
352,Jabbersphere,43817,Corben,Springfield,MO,65898
353,Linklinks,40953,Bellgrove,Greensboro,NC,27455
354,Realbuzz,79430,Di Loreto,Hartford,CT,06120
355,Edgepulse,9,Becker,Davenport,IA,52809
356,Bluejam,77360,Ridge Oak,Anchorage,AK,99507
357,Jaloo,41989,Welch,Portland,OR,97240
358,Feedspan,2,Russell,Fort Lauderdale,FL,33336
359,Tazzy,5655,Algoma,New York City,NY,10099
360,Trupe,702,Old Shore,Chicago,IL,60641
361,Zava,35046,Waxwing,Buffalo,NY,14205
362,Quimba,55,Loeprich,Corona,CA,92878
363,Camido,0,Golden Leaf,Ogden,UT,84409
364,Ozu,68,Londonderry,Reno,NV,89550
365,Myworks,878,1st,San Antonio,TX,78250
366,Topicware,9139,Oxford,Mobile,AL,36616
367,Divape,1722,Warner,Oklahoma City,OK,73119
368,Zooxo,9559,Dakota,Philadelphia,PA,19109
369,Browsedrive,118,Sachtjen,Washington,DC,20220
370,Gabcube,92,Hansons,Galveston,TX,77554
371,Feedmix,8921,Thompson,Berkeley,CA,94712
372,Realblab,0,Marquette,Springfield,MA,01105
373,Npath,0,Scoville,Richmond,VA,23293
374,Twitterlist,8,Banding,Austin,TX,78769
375,Meevee,683,Fuller,Charleston,WV,25326
376,Linkbuzz,0,Elgar,Raleigh,NC,27621
377,Tavu,8,Brentwood,New York City,NY,10034
378,Tagopia,323,Iowa,Detroit,MI,48217
379,Jatri,29,Delladonna,Jamaica,NY,11436
380,Browsezoom,4469,Norway Maple,Santa Barbara,CA,93106
381,Meemm,23,Holmberg,Young America,MN,55564
382,Eazzy,5,Schlimgen,Kansas City,MO,64193
383,Skilith,29818,Eastlawn,Orlando,FL,32808
384,Voolith,273,Merry,Kansas City,MO,64142
385,Roombo,0,Eagle Crest,Pocatello,ID,83206
386,Digitube,68907,2nd,Staten Island,NY,10305
387,Photospace,32917,Lighthouse Bay,Worcester,MA,01654
388,Shufflester,40130,High Crossing,Anderson,IN,46015
389,Youbridge,80,Mallory,Dallas,TX,75277
390,Edgeify,4,Summer Ridge,San Francisco,CA,94147
391,Riffwire,46134,Dwight,Portland,OR,97286
392,Photolist,08438,Little Fleur,Arlington,VA,22234
393,Skinder,030,Northfield,Tyler,TX,75705
394,Vinder,0,Alpine,Bradenton,FL,34210
395,Topicstorm,40989,Ridge Oak,Huntington Beach,CA,92648
396,Browsebug,634,Tennyson,Evansville,IN,47737
397,Skaboo,2359,Pawling,Omaha,NE,68164
398,Gigazoom,8145,Summit,San Antonio,TX,78230
399,Plambee,3207,Garrison,Dayton,OH,45426
400,Dabshots,54427,Continental,Escondido,CA,92030
401,InnoZ,8,Farragut,Everett,WA,98206
402,Wordware,6731,Fair Oaks,Rochester,MN,55905
403,Plambee,44087,Florence,Kansas City,MO,64125
404,Blogtag,68,Macpherson,Richmond,CA,94807
405,Brainbox,35892,Oakridge,Nashville,TN,37215
406,Voolith,983,Bluestem,Flushing,NY,11355
407,Skinder,04,Mifflin,Albuquerque,NM,87105
408,Jaxbean,311,Briar Crest,Bronx,NY,10474
409,Twitterbeat,27667,Acker,San Diego,CA,92165
410,Rooxo,021,Arapahoe,Dallas,TX,75358
411,Dabvine,31787,Fisk,Davenport,IA,52804
412,Livepath,43,Trailsway,Dallas,TX,75205
413,Youfeed,51732,Bayside,El Paso,TX,79999
414,Tazzy,78359,Sunfield,Atlanta,GA,30351
415,Skipstorm,76,5th,Dallas,TX,75342
416,Centidel,91,Hudson,Canton,OH,44760
417,Voonte,6321,Sunnyside,Amarillo,TX,79188
418,Oyoloo,8076,Arkansas,Sarasota,FL,34233
419,Voomm,79419,Cordelia,Rochester,NY,14646
420,Twitterbeat,6400,Lindbergh,Denver,CO,80228
421,Flashdog,77,Schlimgen,Amarillo,TX,79159
422,Thoughtsphere,79236,Arizona,Birmingham,AL,35285
423,Rhycero,6251,Mifflin,Aiken,SC,29805
424,Miboo,30,Magdeline,Laredo,TX,78044
425,Eayo,26,Welch,Norwalk,CT,06859
426,Eire,1,Judy,Scottsdale,AZ,85255
427,Edgetag,59,2nd,Lafayette,LA,70593
428,Yakitri,66649,Scoville,Charlotte,NC,28278
429,Thoughtstorm,637,Northland,Columbia,MO,65218
430,Eabox,37,Grayhawk,Knoxville,TN,37995
431,Divavu,7735,Coolidge,El Paso,TX,79905
432,Yozio,05,Utah,Cleveland,OH,44125
433,Skiptube,3,Troy,Colorado Springs,CO,80925
434,Topicstorm,7,Schlimgen,Evansville,IN,47705
435,Vinte,96,Green Ridge,Long Beach,CA,90847
436,Brainverse,908,Stone Corner,Columbus,OH,43268
437,Yakijo,46,Katie,San Antonio,TX,78285
438,Layo,4,Chive,Nashville,TN,37215
439,BlogXS,5,Nancy,Tulsa,OK,74126
440,Flashset,5777,Birchwood,Phoenix,AZ,85035
441,Jaxspan,9594,Maple Wood,Portsmouth,VA,23705
442,Skiptube,3,4th,Louisville,KY,40293
443,Edgewire,221,Sutteridge,Dallas,TX,75251
444,Oyoba,625,Sullivan,Birmingham,AL,35254
445,Cogibox,242,Toban,Greeley,CO,80638
446,Brainverse,5,Buena Vista,Naples,FL,34108
447,Skilith,23,4th,Lancaster,PA,17605
448,Avamm,2353,Maple,Austin,TX,78764
449,Yacero,865,Clove,Vancouver,WA,98664
450,Gabcube,4,Milwaukee,Rochester,NY,14683
451,Leexo,684,Washington,Phoenix,AZ,85077
452,Aimbo,7,Saint Paul,Kansas City,MO,64190
453,Agimba,76,Wayridge,Jackson,MS,39204
454,Zoonder,01,Gateway,Farmington,MI,48335
455,Edgeblab,847,Hagan,Denver,CO,80235
456,Youbridge,191,Corben,Pueblo,CO,81005
457,Abata,8,Hoffman,Boston,MA,02114
458,Skajo,2,Marcy,Garden Grove,CA,92844
459,Yambee,7,Hoepker,Mc Keesport,PA,15134
460,Jaxworks,07,Kensington,El Paso,TX,79950
461,Viva,21917,Maryland,Bronx,NY,10464
462,Nlounge,87,Mallory,College Station,TX,77844
463,Skipstorm,1161,Randy,Whittier,CA,90605
464,Quatz,26,Columbus,Fresno,CA,93794
465,Plambee,3,Warner,Boise,ID,83705
466,Youspan,6,Acker,Oklahoma City,OK,73179
467,Topdrive,4,Carberry,Stockton,CA,95219
468,Meejo,52,Thompson,El Paso,TX,79916
469,Jatri,1,Arkansas,Portland,OR,97229
470,Wikivu,61,Lerdahl,El Paso,TX,79905
471,Brainlounge,11,Del Sol,Kansas City,MO,64130
472,Trilith,12,Portage,Salt Lake City,UT,84199
473,Realblab,98821,Dottie,San Diego,CA,92137
474,Kaymbo,2501,Drewry,Manchester,NH,03105
475,Devify,048,Toban,Metairie,LA,70033
476,Gabtune,63,Swallow,Wilkes Barre,PA,18706
477,Trupe,3,Summerview,Saint Louis,MO,63150
478,Yoveo,11670,Miller,Manchester,NH,03105
479,Muxo,4984,Blackbird,Raleigh,NC,27615
480,Eidel,2,Veith,Atlanta,GA,31196
481,Aimbu,4,Sloan,Kansas City,KS,66105
482,Teklist,6,Eastlawn,Chicago,IL,60619
483,Tagopia,01098,Delaware,Sioux Falls,SD,57193
484,Kwimbee,668,Prentice,Springfield,VA,22156
485,Skinix,383,Norway Maple,San Antonio,TX,78230
486,Nlounge,4521,Nancy,Fort Worth,TX,76198
487,Dynabox,8519,Linden,Brooklyn,NY,11236
488,Lajo,6,Walton,Tacoma,WA,98405
489,Thoughtsphere,741,Kings,Pittsburgh,PA,15279
490,Eabox,9,Grasskamp,Tampa,FL,33633
491,Yabox,47562,Eagle Crest,Las Vegas,NV,89125
492,JumpXS,306,Grim,New York City,NY,10090
493,Tekfly,4,Oriole,Charleston,WV,25356
494,Rhyloo,9744,Merry,Largo,FL,33777
495,Babbleset,55,Rigney,Detroit,MI,48224
496,Quamba,2,Stoughton,Vancouver,WA,98664
497,Brightdog,6879,Sommers,Redwood City,CA,94064
498,Zoomdog,2,Katie,Kansas City,MO,64199
499,Reallinks,3120,Nelson,Lansing,MI,48956
500,Kayveo,2483,Bultman,Midland,TX,79705
501,Yodel,268,Pierstorff,Saint Paul,MN,55166
502,Tagopia,94587,Carey,Galveston,TX,77554
503,Thoughtbridge,3369,Corben,Fairfield,CT,06825
504,Jaxspan,9,Milwaukee,Jacksonville,FL,32204
505,Yoveo,244,4th,Fort Pierce,FL,34981
506,Wordify,13710,Basil,Saint Louis,MO,63143
507,Ooba,893,Donald,Mobile,AL,36689
508,Photolist,71,Farmco,Dulles,VA,20189
509,Myworks,45178,Anniversary,Pittsburgh,PA,15250
510,Nlounge,5,Eliot,Buffalo,NY,14210
511,Skinix,959,Holmberg,Lake Charles,LA,70607
512,Gigashots,16257,Graceland,Pensacola,FL,32590
513,Abata,243,Summerview,Las Vegas,NV,89160
514,Gigaclub,37333,Grim,Pinellas Park,FL,34665
515,Skyndu,10274,Manitowish,Indianapolis,IN,46221
516,Skiba,9582,Truax,Akron,OH,44315
517,Jaxspan,6,Jackson,Peoria,IL,61629
518,Topicstorm,84249,Moulton,Anchorage,AK,99522
519,Flashspan,28,Talmadge,Washington,DC,20041
520,Realfire,35,Karstens,Billings,MT,59112
521,Brainbox,67,Jackson,Huntsville,AL,35805
522,Topicware,19,Main,Trenton,NJ,08619
523,Feedfish,11,7th,Orlando,FL,32825
524,Rhyloo,6412,Namekagon,Columbus,GA,31998
525,Feedbug,5168,Village,San Francisco,CA,94169
526,Nlounge,32587,Drewry,Richmond,VA,23225
527,Twimbo,90,Village,Panama City,FL,32412
528,Aibox,59626,Montana,Duluth,MN,55805
529,Babbleopia,392,Laurel,Springfield,MA,01105
530,Devbug,82513,Granby,Huntington,WV,25721
531,Pixoboo,66,Trailsway,Corpus Christi,TX,78426
532,Twitterwire,1,Summit,Richmond,VA,23285
533,Ntag,2510,Duke,Duluth,GA,30096
534,Demimbu,52799,Becker,Sacramento,CA,95838
535,Jabbertype,72834,Longview,Erie,PA,16565
536,Browsebug,02,Melby,Houston,TX,77234
537,Gabspot,31,Corscot,Memphis,TN,38181
538,Jaxspan,953,Rockefeller,Anaheim,CA,92812
539,Eire,8921,2nd,Honolulu,HI,96820
540,Vimbo,973,Caliangt,Los Angeles,CA,90060
541,Zoombeat,11,Pleasure,Spring,TX,77388
542,Chatterbridge,37053,Lukken,New York City,NY,10155
543,Riffwire,304,Carioca,Fort Wayne,IN,46862
544,Livetube,29,Lukken,Evansville,IN,47719
545,Riffpedia,3,Lighthouse Bay,Ogden,UT,84409
546,Thoughtblab,1120,Packers,Houston,TX,77201
547,Thoughtmix,838,Caliangt,Topeka,KS,66606
548,Kanoodle,47,Esker,Grand Rapids,MI,49505
549,Mudo,76,Crescent Oaks,Hartford,CT,06183
550,Buzzbean,12919,Scott,Yakima,WA,98907
551,Feedfire,66766,Di Loreto,Colorado Springs,CO,80951
552,Gigabox,84,Rusk,Clearwater,FL,33758
553,Minyx,9813,Fair Oaks,Little Rock,AR,72215
554,Nlounge,3232,Ridge Oak,Trenton,NJ,08603
555,Photobug,5330,John Wall,Aurora,IL,60505
556,Browsetype,08,Lakeland,Tacoma,WA,98405
557,Quimm,87169,Graceland,Jacksonville,FL,32259
558,Meeveo,393,Cardinal,Raleigh,NC,27610
559,Wikido,441,West,Dayton,OH,45403
560,Mudo,38,Mccormick,Baton Rouge,LA,70815
561,Janyx,9348,Center,Austin,TX,78778
562,Minyx,1806,Memorial,Los Angeles,CA,90015
563,Oodoo,4028,Coleman,Amarillo,TX,79105
564,Innojam,5,Bonner,Brockton,MA,02305
565,Realbridge,5996,Welch,Washington,DC,20088
566,Twimm,7508,Hooker,Huntsville,AL,35815
567,Kamba,77038,Elmside,Saint Petersburg,FL,33737
568,Aimbo,5331,Coolidge,Cleveland,OH,44185
569,Gevee,2,Leroy,Las Vegas,NV,89166
570,Blogpad,76701,Elmside,Fort Wayne,IN,46867
571,Pixoboo,78,Fair Oaks,Toledo,OH,43635
572,Buzzbean,81,Dawn,Atlanta,GA,31190
573,Thoughtmix,6138,Buell,Detroit,MI,48211
574,Photolist,10487,Del Mar,Fort Lauderdale,FL,33320
575,Aimbu,32431,Jana,Macon,GA,31205
576,Shufflebeat,76755,Jenifer,Pittsburgh,PA,15286
577,Devify,4663,Columbus,Brockton,MA,02305
578,Photospace,4624,Oak,Buffalo,NY,14276
579,Zoomcast,7,Independence,Arlington,VA,22225
580,Eare,3,Schurz,Meridian,MS,39305
581,Zooveo,9042,Valley Edge,Denver,CO,80291
582,Yamia,111,Washington,Fresno,CA,93778
583,Mynte,7234,Delaware,Minneapolis,MN,55480
584,Fanoodle,74,Eagle Crest,Albuquerque,NM,87195
585,Edgetag,38,Towne,Sioux Falls,SD,57193
586,Zava,867,Summit,Albuquerque,NM,87105
587,Linklinks,1,8th,Buffalo,NY,14233
588,Photofeed,7,Coleman,Bridgeport,CT,06606
589,Jabbersphere,09984,Southridge,Winter Haven,FL,33884
590,Dabshots,82156,Center,Sioux Falls,SD,57198
591,Tagpad,666,Red Cloud,Littleton,CO,80161
592,Devshare,8,Declaration,Stockton,CA,95219
593,Dabfeed,58,Chive,Charleston,WV,25313
594,Skibox,89516,Hanson,Seattle,WA,98115
595,Wikizz,3,Loomis,Gainesville,GA,30506
596,Demivee,278,Grasskamp,Hattiesburg,MS,39404
597,Meevee,75488,Rutledge,Fresno,CA,93762
598,Photofeed,42668,Lindbergh,Evansville,IN,47732
599,Zoombox,46928,Transport,Baton Rouge,LA,70805
600,Meezzy,4570,Hauk,Pompano Beach,FL,33075
601,Gigazoom,62,Nelson,Indianapolis,IN,46247
602,Youspan,6,Onsgard,Chesapeake,VA,23324
603,Jaxworks,84003,American,Charleston,WV,25313
604,Realbuzz,677,Claremont,Atlanta,GA,30356
605,Gabspot,8437,2nd,Baltimore,MD,21211
606,Skidoo,85451,Clove,Chicago,IL,60619
607,Yata,826,8th,Salt Lake City,UT,84199
608,Tazz,2265,Fuller,Edmond,OK,73034
609,Dynabox,449,Arapahoe,Boise,ID,83732
610,Abatz,691,Hayes,Hot Springs National Park,AR,71914
611,Zoozzy,16590,Bellgrove,New Orleans,LA,70183
612,Thoughtstorm,1,Boyd,Sunnyvale,CA,94089
613,Yata,93,Bluestem,Charlotte,NC,28220
614,Trilia,06,Petterle,El Paso,TX,88535
615,Latz,70,La Follette,Austin,TX,78778
616,Rhycero,8285,Sunnyside,Fort Myers,FL,33906
617,Photobug,1442,Logan,El Paso,TX,88535
618,Fivespan,4013,Hoard,Milwaukee,WI,53234
619,Avamba,48,Butternut,Kansas City,MO,64187
620,Abatz,6,Oxford,San Jose,CA,95118
621,Oodoo,9136,Del Mar,Flushing,NY,11388
622,Viva,6,Larry,Albuquerque,NM,87201
623,Skipstorm,8,Thackeray,Philadelphia,PA,19141
624,Gabtype,7959,Milwaukee,Washington,DC,20530
625,Cogibox,48,Onsgard,Memphis,TN,38104
626,Brainbox,672,4th,Pittsburgh,PA,15235
627,Mynte,70242,Alpine,Pocatello,ID,83206
628,Vidoo,629,Ruskin,New Orleans,LA,70116
629,Linkbuzz,91,Hovde,Mobile,AL,36605
630,Pixoboo,064,Merrick,Oklahoma City,OK,73119
631,Jayo,79604,Fieldstone,Youngstown,OH,44505
632,Kwideo,07654,Helena,Pittsburgh,PA,15279
633,Fivebridge,24133,Truax,Santa Cruz,CA,95064
634,Mymm,718,Emmet,Columbus,OH,43240
635,Wikizz,5431,Novick,Decatur,IL,62525
636,Tanoodle,67443,8th,Tacoma,WA,98464
637,Twitterbeat,2208,Barnett,Macon,GA,31205
638,Ozu,72,Mayfield,Cincinnati,OH,45233
639,Vitz,9,Bobwhite,Homestead,FL,33034
640,Demimbu,20985,Del Mar,Washington,DC,20470
641,InnoZ,8500,Artisan,Silver Spring,MD,20904
642,Podcat,48408,Kensington,Las Vegas,NV,89105
643,Topdrive,9145,Green,Pittsburgh,PA,15286
644,Jayo,3599,Almo,Pompano Beach,FL,33069
645,Kamba,37849,Sullivan,Columbia,SC,29220
646,Dabvine,39,Lighthouse Bay,Austin,TX,78789
647,Cogibox,0354,Jana,Beaumont,TX,77705
648,Quatz,8796,Division,Columbia,MO,65211
649,Jabberstorm,1,Oriole,Mountain View,CA,94042
650,Twinder,8098,Rutledge,Louisville,KY,40215
651,Skinix,17368,Jackson,Indianapolis,IN,46278
652,Dablist,3,Sommers,Shreveport,LA,71161
653,Jaxbean,2,Judy,Montpelier,VT,05609
654,Dabshots,0,Anhalt,Colorado Springs,CO,80915
655,Oyonder,9101,Grayhawk,Washington,DC,20380
656,Rhyzio,3,Northwestern,El Paso,TX,79989
657,Eimbee,54,Westend,Minneapolis,MN,55480
658,Devcast,67937,Washington,Fresno,CA,93704
659,Yodel,78903,Milwaukee,Wichita Falls,TX,76305
660,Brainverse,2,Del Mar,El Paso,TX,79923
661,Photolist,6,Fulton,Washington,DC,20414
662,Youspan,7659,Banding,Washington,DC,20036
663,Skyble,52,Rutledge,Santa Barbara,CA,93106
664,Aimbu,37,Karstens,Pasadena,CA,91103
665,Realmix,1,Northport,Jamaica,NY,11447
666,Bluejam,8,Gale,Kansas City,MO,64199
667,Twinte,6596,Northview,Evansville,IN,47705
668,Flashdog,3,Bobwhite,San Diego,CA,92170
669,Zoonder,717,Dawn,Salt Lake City,UT,84199
670,Zoonoodle,896,Nancy,Boise,ID,83757
671,Tazz,5,Bartelt,Knoxville,TN,37924
672,Topdrive,8328,Kingsford,Juneau,AK,99812
673,Skajo,88075,Hintze,Tulsa,OK,74170
674,Bubblebox,93823,7th,Omaha,NE,68117
675,Quimba,5,Green,Alexandria,VA,22309
676,Tavu,95,Dovetail,Brooklyn,NY,11210
677,Agivu,7,Canary,Fort Worth,TX,76192
678,Browseblab,733,Nancy,Philadelphia,PA,19172
679,Avamba,257,Susan,Tampa,FL,33610
680,Realfire,5295,Elmside,Charlotte,NC,28272
681,Tavu,75305,Blackbird,El Paso,TX,88519
682,Abata,1292,Kensington,Birmingham,AL,35242
683,Twinte,7713,Village Green,Sacramento,CA,94257
684,Brainlounge,5406,Hoepker,Las Vegas,NV,89110
685,Plambee,3,Thompson,San Antonio,TX,78255
686,Wikivu,26977,Thackeray,Newark,NJ,07112
687,Zoonder,7,Karstens,Abilene,TX,79605
688,Realfire,6,Meadow Ridge,Independence,MO,64054
689,Flashpoint,03,Hoffman,Austin,TX,78710
690,Skimia,7003,Burrows,San Diego,CA,92115
691,Flashpoint,4,Hanson,Dallas,TX,75265
692,Skinte,013,Cherokee,Louisville,KY,40210
693,Voolith,58,Amoth,Midland,MI,48670
694,Edgetag,1957,Almo,Saint Petersburg,FL,33710
695,Buzzster,75,Sunnyside,Glendale,CA,91205
696,Shuffletag,76731,5th,Augusta,GA,30905
697,Bubblebox,4,Debs,Los Angeles,CA,90050
698,Divanoodle,8,Swallow,Omaha,NE,68105
699,Jazzy,915,Mosinee,Irvine,CA,92710
700,Buzzster,6420,Roxbury,Shawnee Mission,KS,66225
701,Aimbo,849,Drewry,Lincoln,NE,68505
702,Thoughtworks,420,Stoughton,Corona,CA,92878
703,Einti,66500,Carey,Cleveland,OH,44125
704,Yozio,6577,Waubesa,Midland,TX,79705
705,Centidel,9975,Grover,Largo,FL,33777
706,Brainsphere,652,4th,Gainesville,FL,32610
707,Aimbo,283,Goodland,New York City,NY,10099
708,Youspan,8,Chive,New York City,NY,10270
709,Mycat,224,Old Gate,Albany,NY,12232
710,Jaxnation,4,Crowley,Springfield,IL,62711
711,Yadel,91287,Kropf,Jamaica,NY,11480
712,Aimbu,15128,Ruskin,San Diego,CA,92121
713,Leexo,6721,Haas,Philadelphia,PA,19125
714,Meemm,43,Bay,Arlington,TX,76096
715,Zoomzone,564,Burning Wood,Winston Salem,NC,27110
716,Chatterpoint,1199,Westerfield,Las Vegas,NV,89135
717,Quimm,85763,Norway Maple,Tucson,AZ,85748
718,Realmix,25450,Evergreen,Boise,ID,83705
719,Dynazzy,238,Meadow Ridge,Temple,TX,76505
720,Photojam,13,Washington,San Luis Obispo,CA,93407
721,Riffpath,8481,Kedzie,Clearwater,FL,34629
722,Lazzy,041,Superior,Indianapolis,IN,46226
723,Fadeo,2,Alpine,Baltimore,MD,21229
724,Ailane,759,Dahle,Chicago,IL,60681
725,Jabberbean,85,Burrows,Tacoma,WA,98481
726,Bubblebox,66532,Canary,Winston Salem,NC,27116
727,Shuffledrive,6312,Fordem,Houston,TX,77060
728,Wordify,1,Ridgeway,Wilkes Barre,PA,18768
729,Twitternation,6894,Harbort,Atlanta,GA,30343
730,Tagfeed,425,Anniversary,Roanoke,VA,24014
731,Realcube,26,Schurz,Charleston,WV,25356
732,Innotype,2,Crescent Oaks,Pueblo,CO,81005
733,Nlounge,747,Memorial,Reno,NV,89595
734,Dablist,003,Havey,San Antonio,TX,78285
735,Vinte,41173,Bunting,Pasadena,CA,91109
736,Vidoo,2864,Londonderry,El Paso,TX,88525
737,Jabbertype,2856,Gulseth,Orlando,FL,32825
738,Ntag,64,Graedel,Ocala,FL,34474
739,Viva,66131,Thierer,Arlington,VA,22217
740,Thoughtbeat,9478,Calypso,San Francisco,CA,94177
741,Demivee,05318,Kennedy,Cleveland,OH,44177
742,Rhyzio,4,Holy Cross,Brooklyn,NY,11247
743,Jatri,4904,Mitchell,Little Rock,AR,72209
744,Voonte,656,Bayside,Paterson,NJ,07544
745,Dynava,074,Meadow Valley,Melbourne,FL,32941
746,Eabox,990,Ohio,Des Moines,IA,50393
747,Linkbuzz,970,Tony,Lexington,KY,40581
748,Flashset,3,Anderson,Largo,FL,34643
749,Babbleblab,2206,Golf Course,Jacksonville,FL,32220
750,Tavu,736,Sugar,Memphis,TN,38131
751,Meetz,8409,Pennsylvania,Pasadena,CA,91117
752,Zazio,49,Sheridan,Springfield,IL,62776
753,Skyvu,85209,Magdeline,Houston,TX,77288
754,Flipbug,44,Esker,Baltimore,MD,21203
755,Brainlounge,24712,Crest Line,San Antonio,TX,78225
756,Oyope,3,Sloan,Whittier,CA,90610
757,Jazzy,09,Fremont,Denver,CO,80243
758,Zooxo,81973,Old Gate,Colorado Springs,CO,80951
759,Rhyloo,9,Schurz,San Francisco,CA,94132
760,Photobug,17809,Nancy,San Diego,CA,92186
761,Brightbean,8,Burning Wood,Los Angeles,CA,90071
762,Ainyx,73,Old Gate,Richmond,CA,94807
763,Rhynyx,8228,Oakridge,Gainesville,FL,32610
764,Trilith,78,Sunnyside,Winston Salem,NC,27150
765,Twiyo,04431,Village,San Jose,CA,95108
766,Meeveo,174,Grasskamp,Pittsburgh,PA,15255
767,Chatterbridge,77374,Upham,Wichita,KS,67230
768,Eamia,99,Carberry,Knoxville,TN,37919
769,Livetube,194,Gerald,Charleston,WV,25313
770,Jamia,9,Hauk,Nashville,TN,37250
771,Vidoo,175,Forster,Dallas,TX,75392
772,Kayveo,99,Drewry,Inglewood,CA,90305
773,Midel,60,Forest Dale,Charlotte,NC,28284
774,Eire,696,Towne,Fort Worth,TX,76105
775,Youfeed,18,Cottonwood,Greenville,SC,29615
776,Browsezoom,90,Esker,Salt Lake City,UT,84170
777,Zoombeat,7,Mcguire,Washington,DC,20392
778,Topicstorm,31664,Oak Valley,Baltimore,MD,21239
779,Realbridge,76933,Starling,Glendale,CA,91210
780,Dabshots,62036,Paget,Chattanooga,TN,37416
781,Mydeo,815,Morningstar,Fayetteville,NC,28314
782,Dynabox,5821,Northland,Corona,CA,92883
783,JumpXS,45320,Sunnyside,El Paso,TX,79923
784,Vidoo,41,Moland,Birmingham,AL,35210
785,Skyble,43,Lerdahl,Beaufort,SC,29905
786,Browsedrive,13797,American,Des Moines,IA,50310
787,Blogtags,83,Ridgeway,San Diego,CA,92115
788,Topicware,450,Cottonwood,Boston,MA,02104
789,Vipe,37060,Hanover,New York City,NY,10270
790,Tagtune,45,Roxbury,Houston,TX,77045
791,Dynabox,40089,American Ash,Newton,MA,02458
792,Zoomcast,28,Aberg,Los Angeles,CA,90035
793,Quatz,16,Mayfield,Akron,OH,44315
794,Kaymbo,1,Ilene,Buffalo,NY,14269
795,Tazz,09,Schiller,Littleton,CO,80161
796,Oyoba,27063,Pawling,Fullerton,CA,92835
797,Devcast,95989,Carberry,Sacramento,CA,95865
798,Quire,0569,Chive,Grand Rapids,MI,49560
799,Devbug,5239,Orin,Des Moines,IA,50981
800,Twiyo,4928,Lakewood,Lake Charles,LA,70616
801,Skiba,49049,Bultman,Colorado Springs,CO,80940
802,Feedfire,5318,Tony,Lexington,KY,40586
803,Quire,8258,Canary,Jersey City,NJ,07305
804,Photobean,77380,John Wall,Madison,WI,53705
805,Divavu,0,3rd,Baton Rouge,LA,70883
806,InnoZ,2629,Hovde,Battle Creek,MI,49018
807,Jamia,694,Eliot,El Paso,TX,79968
808,Shuffledrive,761,Gerald,Fort Lauderdale,FL,33315
809,Divanoodle,66,Valley Edge,Lincoln,NE,68517
810,Agimba,3035,Pawling,Odessa,TX,79769
811,Skyble,24789,Ridgeway,Abilene,TX,79605
812,Buzzbean,127,Melrose,Philadelphia,PA,19178
813,Jetpulse,421,Knutson,Birmingham,AL,35263
814,Dablist,8,Graedel,Carol Stream,IL,60351
815,Mynte,4,Chive,Nashville,TN,37240
816,Fiveclub,372,Muir,Atlanta,GA,31190
817,Dynazzy,4,Farwell,Richmond,VA,23220
818,Skilith,70,Utah,Oklahoma City,OK,73152
819,Divanoodle,80203,Portage,Des Moines,IA,50393
820,Mymm,8866,Southridge,Washington,DC,20029
821,Thoughtmix,6,Tomscot,Fresno,CA,93794
822,Avamm,989,Nelson,Los Angeles,CA,90020
823,Kamba,682,Towne,Hyattsville,MD,20784
824,Mynte,270,Merrick,Louisville,KY,40220
825,Wordtune,2138,Milwaukee,Lincoln,NE,68524
826,Flipbug,720,Paget,Spartanburg,SC,29319
827,Eimbee,5978,Ridge Oak,Shreveport,LA,71105
828,Skyba,4,Susan,Sacramento,CA,95852
829,Livetube,6,Russell,Farmington,MI,48335
830,Fivechat,71,Lakewood,Greensboro,NC,27499
831,Photolist,073,Haas,Nashville,TN,37250
832,Mydo,682,Sommers,Ann Arbor,MI,48107
833,Yotz,7,Hintze,Santa Fe,NM,87592
834,Kare,3,Acker,Fort Lauderdale,FL,33330
835,Feedfire,93,Duke,New York City,NY,10029
836,Skynoodle,185,Clemons,Maple Plain,MN,55572
837,Rhyloo,24301,Straubel,San Antonio,TX,78235
838,Kamba,4,Lillian,Little Rock,AR,72231
839,Eidel,06,Eastlawn,Charleston,WV,25389
840,Agimba,5,Bluejay,Allentown,PA,18105
841,Dablist,556,Swallow,Hamilton,OH,45020
842,Edgetag,79,Northwestern,Des Moines,IA,50305
843,Buzzster,1,Acker,San Antonio,TX,78245
844,Skipfire,1,Bartelt,Arvada,CO,80005
845,Buzzster,72305,Bayside,Washington,DC,20409
846,Jamia,85,Grasskamp,Indianapolis,IN,46231
847,Skibox,040,Bay,Dallas,TX,75246
848,Flashset,71163,Rigney,Shawnee Mission,KS,66225
849,Meejo,0,Bartillon,San Bernardino,CA,92410
850,Mycat,62,Bay,Lexington,KY,40586
851,Zoomzone,21,Iowa,Saint Louis,MO,63121
852,Fanoodle,9523,Esch,Manassas,VA,22111
853,Minyx,08,Kedzie,New York City,NY,10150
854,Gabtune,849,Mariners Cove,Houston,TX,77025
855,Quire,4273,Prairieview,Danbury,CT,06816
856,Divavu,76179,Welch,Stamford,CT,06912
857,Leexo,2,Maryland,Columbia,SC,29220
858,Muxo,731,Portage,Toledo,OH,43605
859,Oodoo,96,Becker,Des Moines,IA,50315
860,Twitterworks,7,Maple,Richmond,VA,23203
861,Rhycero,8,Lotheville,New York City,NY,10120
862,Zoonoodle,7,International,Jackson,MS,39296
863,Skinder,9,Burning Wood,Wilkes Barre,PA,18768
864,Devshare,54034,Havey,Rochester,NY,14614
865,Wikivu,25,Chive,Albuquerque,NM,87180
866,Demizz,19476,Pankratz,Washington,DC,20540
867,LiveZ,7,Eastlawn,Salt Lake City,UT,84135
868,Brainlounge,9824,Maple,Pittsburgh,PA,15255
869,Dabvine,4702,Cottonwood,Huntsville,TX,77343
870,Twinder,227,Maywood,Phoenix,AZ,85067
871,Omba,7,Fieldstone,Baton Rouge,LA,70805
872,Zoombeat,8488,Waxwing,Madison,WI,53726
873,Oyonder,565,Lindbergh,Louisville,KY,40256
874,Brightbean,0747,Gateway,Wichita,KS,67230
875,Wordify,4,Redwing,Nashville,TN,37240
876,Topiczoom,3560,Portage,Washington,DC,20456
877,Jayo,7,Banding,Carol Stream,IL,60351
878,Plajo,771,Reinke,Houston,TX,77055
879,Realmix,04514,Mayer,Migrate,KY,41905
880,Omba,61,Oxford,Washington,DC,20005
881,Feednation,4355,Steensland,Seminole,FL,34642
882,Youspan,77,Nova,Boston,MA,02109
883,Skinder,238,Thackeray,Fresno,CA,93726
884,Devcast,43098,Esch,Colorado Springs,CO,80915
885,Digitube,603,Jana,Erie,PA,16505
886,Rhynyx,1014,Kings,Macon,GA,31296
887,Zoonoodle,5,Wayridge,El Paso,TX,79934
888,Feedfire,62,Sunbrook,Oklahoma City,OK,73173
889,Trupe,04199,Merchant,Macon,GA,31296
890,Centidel,968,Novick,Atlanta,GA,30340
891,Yodo,72,Donald,Milwaukee,WI,53263
892,Zoombox,40,Spohn,San Antonio,TX,78255
893,Twinte,2,Northview,Austin,TX,78721
894,Blogtag,133,Welch,Tacoma,WA,98424
895,Tagcat,277,Aberg,Hollywood,FL,33023
896,Jabbersphere,73,Linden,Cape Coral,FL,33915
897,Quinu,1,Westridge,Saint Louis,MO,63121
898,Fivebridge,482,Ohio,Bethesda,MD,20816
899,Yozio,248,Arkansas,Anaheim,CA,92812
900,Vipe,40333,Northfield,Levittown,PA,19058
901,Zoombeat,79727,Haas,Raleigh,NC,27658
902,Yacero,606,Northfield,Tucson,AZ,85710
903,Jetpulse,29,Superior,San Francisco,CA,94164
904,Skynoodle,6368,Thackeray,Salt Lake City,UT,84105
905,Agimba,6,Dahle,Milwaukee,WI,53285
906,Devbug,7124,Lindbergh,Evansville,IN,47705
907,Abatz,870,Express,Roanoke,VA,24014
908,Viva,92,Hagan,New Haven,CT,06538
909,Kaymbo,3981,Welch,Carson City,NV,89706
910,Wikibox,4823,Dahle,Inglewood,CA,90398
911,Zooveo,951,Merrick,Youngstown,OH,44555
912,Shuffledrive,561,Straubel,Detroit,MI,48267
913,Skimia,9,Jana,Milwaukee,WI,53220
914,Oba,65,Sommers,El Paso,TX,88579
915,Kayveo,8439,Hallows,New York City,NY,10275
916,Thoughtstorm,11579,Sheridan,Jeffersonville,IN,47134
917,Twitterbridge,7,Holmberg,Nashville,TN,37220
918,Latz,2,Del Mar,Fresno,CA,93726
919,Twitterworks,31539,Village,Miami,FL,33261
920,Yacero,6002,Manitowish,Colorado Springs,CO,80995
921,Yodoo,01,Killdeer,Seattle,WA,98109
922,Browsecat,5,Moulton,Spring,TX,77386
923,Vipe,3800,Bluejay,Hyattsville,MD,20784
924,Linkbridge,211,Beilfuss,Boulder,CO,80305
925,Jazzy,6334,Sachs,Springfield,MA,01114
926,Yamia,509,Holmberg,Houston,TX,77212
927,DabZ,28186,Mcbride,El Paso,TX,88584
928,Jaxworks,7,Manitowish,Dallas,TX,75251
929,Photolist,2537,Morning,Wichita,KS,67215
930,Skibox,99860,Crownhardt,Sacramento,CA,95823
931,Oyoloo,85619,Kinsman,Phoenix,AZ,85099
932,Edgetag,80,Eliot,Providence,RI,02912
933,Kwinu,87485,Sunbrook,Knoxville,TN,37914
934,Gigaclub,90,Rusk,Roanoke,VA,24048
935,Rhynyx,48446,Sunbrook,Newark,DE,19714
936,Divanoodle,56,Stoughton,Flushing,NY,11355
937,Photobean,060,Loeprich,Brooklyn,NY,11247
938,Dynabox,10094,Saint Paul,Homestead,FL,33034
939,Quimba,0993,Browning,Las Vegas,NV,89135
940,Rhynoodle,8594,Thierer,Lexington,KY,40505
941,Skalith,154,Vermont,Fort Wayne,IN,46862
942,Edgeify,72,Texas,Springfield,IL,62705
943,Dazzlesphere,5209,Dwight,Arlington,TX,76016
944,Jetpulse,2,Debra,Charlotte,NC,28225
945,Blogpad,70565,Heffernan,Alexandria,LA,71307
946,Voonder,93,Butternut,Columbus,OH,43268
947,Voolith,10176,Waubesa,Miami,FL,33261
948,Chatterpoint,3394,Bashford,Colorado Springs,CO,80945
949,Livetube,5,Burning Wood,Saint Louis,MO,63196
950,Agivu,778,New Castle,New Orleans,LA,70160
951,Jayo,34,Meadow Valley,Sacramento,CA,94280
952,Buzzbean,603,Hayes,Galveston,TX,77554
953,Topdrive,2085,Fair Oaks,Huntington,WV,25711
954,Yodoo,86,Linden,Fort Wayne,IN,46825
955,Twitterworks,56,Miller,Wilmington,DE,19886
956,Twinder,7,Doe Crossing,Saint Petersburg,FL,33737
957,Fiveclub,77,Tony,Dallas,TX,75387
958,Tambee,51,Fieldstone,Albany,NY,12237
959,Kwimbee,329,Melvin,El Paso,TX,88546
960,Quaxo,285,Alpine,York,PA,17405
961,Zoomlounge,60,Buell,Wilmington,NC,28405
962,Mita,9,Sommers,Washington,DC,20591
963,Eabox,2852,Bluestem,Springfield,MA,01114
964,Yakidoo,51,Eliot,Baton Rouge,LA,70894
965,Jaxworks,267,Monument,Amarillo,TX,79116
966,Miboo,80875,Golden Leaf,Portland,OR,97240
967,Thoughtblab,1,Michigan,Oklahoma City,OK,73152
968,Babblestorm,45892,Longview,Little Rock,AR,72231
969,Mybuzz,5,Vernon,Tampa,FL,33673
970,Mudo,666,Corscot,Racine,WI,53405
971,Tagchat,6,Evergreen,Lexington,KY,40515
972,Skaboo,89,Norway Maple,Seminole,FL,34642
973,Tekfly,90528,Jenifer,Newark,NJ,07188
974,Eare,1588,Barnett,Fort Wayne,IN,46825
975,Twitterwire,19,Karstens,Santa Fe,NM,87592
976,Buzzdog,31982,Oneill,Pasadena,TX,77505
977,Roombo,9,Moland,Terre Haute,IN,47805
978,Dabvine,70649,Little Fleur,Fort Lauderdale,FL,33325
979,Blogspan,408,Hauk,El Paso,TX,88519
980,Divape,8,Tennyson,Great Neck,NY,11024
981,Yacero,284,New Castle,Peoria,IL,61635
982,Yakidoo,4358,Starling,Syracuse,NY,13205
983,Twitterlist,83231,New Castle,Spartanburg,SC,29305
984,Demimbu,0027,Dorton,Buffalo,NY,14276
985,Fivechat,102,Independence,Columbus,OH,43220
986,Topiczoom,347,Blue Bill Park,Dayton,OH,45440
987,Quaxo,3,Sunbrook,Jacksonville,FL,32204
988,Aimbu,4894,Cottonwood,Beaufort,SC,29905
989,Vipe,99589,Sommers,Hamilton,OH,45020
990,Jabbercube,80520,Farwell,Denton,TX,76210
991,Skyvu,02,Judy,Harrisburg,PA,17110
992,Oodoo,9692,Mayer,El Paso,TX,79999
993,Demizz,5,Del Sol,Houston,TX,77288
994,Pixope,8807,Grover,Columbus,OH,43220
995,Edgeblab,717,Heffernan,Atlanta,GA,31136
996,Linkbridge,2890,Jenna,Anaheim,CA,92805
997,Linkbridge,6,Fairfield,Newport Beach,CA,92662
998,Npath,6,Golf View,Charleston,WV,25305
999,Flashset,7577,Sunfield,Jackson,MS,39296
1000,Vimbo,5249,Sugar,Honolulu,HI,96815
